UUID Dataset,Title Dataset,DOI Dataset,UUID Research output,group_id,4TU resource_title,4TU resource_doi,4TU references
c362564b-bc9e-40ec-856b-b616bb909183,"Autonomous Greenhouse Challenge, First Edition (2018)",10.4121/uuid:e4987a7b-04dd-4c89-9b18-883aad30ba9a,,28595,,,['http://edepot.wur.nl/473579']
4ab50cc4-a096-4f3a-bcb6-dc42b0c1c0b7,Climate Policy Database,10.4121/12957986,,28595,,,['https://climatepolicydatabase.org/about']
23fa8470-ae6c-45b6-99f1-b1f75a5a7b6a,"Co-creation of a Just-In-Time Adaptive Intervention for healthy dietary changes: focus groups, survey data, beta test",10.4121/17088866,,28595,,,['https://osf.io/cf3m5/']
38a35344-c065-46f2-8cb9-3bf56f44f28f,Code and secondary data of analysis on pesticide transport during rainfall runoff events,10.4121/19690840,,28595,"Pesticides are substantially transported in particulate phase, driven by land use, rainfall event and pesticide characteristics – a runoff and erosion study in a small agricultural catchment",10.3389/fenvs.2022.830589,['https://github.com/mcommelin/pesticide_transport_runoff_erosion']
75fa3c66-8505-4d6a-9bd9-16973e5ca885,Data Underlying: Expansion Microscopy Reveals Thylakoid Organisation Alterations due to Genetic Mutations and Far-Red Light Acclimation,10.4121/75fa3c66-8505-4d6a-9bd9-16973e5ca885,,28595,Expansion microscopy reveals thylakoid organisation alterations due to genetic mutations and far-red light acclimation,10.1016/j.bbabio.2025.149552,[]
063b000f-0a5e-4f4e-aab5-a9bea6dc34c9,Data Underlying: Non-Photochemical Quenching speeds up with increasing temperatures,10.4121/063b000f-0a5e-4f4e-aab5-a9bea6dc34c9,,28595,Non-Photochemical Quenching speeds up with increasing temperatures,,[]
c51224c6-ad49-46cc-b0aa-abc435c038d8,Data and model code accompanying publication - The crane radar: development and deployment of an operational eco-digital twin,10.4121/c51224c6-ad49-46cc-b0aa-abc435c038d8,,28595,The crane radar: development and deployment of an operational eco-digital twin.,,[]
8183bcd1-f5a8-4923-b82b-c2696a0ab550,Data and model underlying publication: Assessing hydrological model representation of irrigation and subsurface flow in a heavily anthropogenic influenced catchment,10.4121/8183bcd1-f5a8-4923-b82b-c2696a0ab550,,28595,Assessing hydrological model representation of irrigation and subsurface flow in a heavily anthropogenic influenced catchment,,[]
d9706a2a-b77b-412f-a3aa-6e22bd8ddf4a,Data and models used for paper 'The impact of future climate projections and anthropogenic activities on basin-scale groundwater availability',10.4121/d9706a2a-b77b-412f-a3aa-6e22bd8ddf4a,,28595,The impact of future changes in climate variables and groundwater abstraction on basin-scale groundwater availability,10.5194/hess-28-5107-2024,[]
61be5dd9-7880-48dc-bacf-36afbc3033ee,Data and scripts underlying the publication: Quantifying the Spatial Scales of Animal Clusters Using Density Surfaces,10.4121/61be5dd9-7880-48dc-bacf-36afbc3033ee,,28595,Quantifying the Spatial Scales of Animal Clusters Using Density Surfaces,,[]
4ed0e7cd-50e7-4bc4-aae7-289fc0e38dc2,"Data and scripts underlying the publication: Unveiling the roles of temporal periodicity, the spatial environment and behavioural modes in terrestrial animal movement",10.4121/4ed0e7cd-50e7-4bc4-aae7-289fc0e38dc2,,28595,"Unveiling the roles of temporal periodicity, the spatial environment and behavioural modes in terrestrial animal movement",10.1186/s40462-024-00489-3,[]
bac66c61-83c2-4d4a-8770-19b9753ca770,Data and scripts underlying: Feasibility of a JITAI for healthy dietary intake: a mixed-methods study,10.4121/bac66c61-83c2-4d4a-8770-19b9753ca770,,28595,,,"['https://osf.io/cf3m5/', 'https://doi.org/10.4121/17088866']"
6ad60e09-0c71-482d-9d4d-44a0353a3ee8,Data for Sustainable intensification: time to question the goal of ever-increasing agricultural production,10.4121/6ad60e09-0c71-482d-9d4d-44a0353a3ee8,,28595,Sustainable intensification: time to question the goal of ever-increasing agricultural production.,10.1016/j.geoderma.2025.117555,[]
17a57a47-f9dc-481e-9059-07beff7895bf,Data for manuscript: Water motion influences carbon-use strategies of kelp forest assemblages and defines responses of macroalgae to ocean acidification,10.4121/16973866,,28595,Water motion and pH jointly impact the availability of dissolved inorganic carbon to macroalgae,10.1038/s41598-022-26517-z,[]
0cf0ac21-a0e6-4e29-ae88-b45900329537,"Data from: Using legacy data to reconstruct the past? Rescue, rigor and reuse in peatland geochronology",10.4121/14406347,5a81b995-ff48-4ac7-befa-c07ccee9275e,28595,"Using legacy data to reconstruct the past? Rescue, rigour and reuse in peatland geochronology",10.1002/esp.5196,[]
9ff86646-8496-4128-93dd-ec9d6e1c0570,"Data from: Apoplastic effectors, MAMPs and surface immune receptors- the battlefront of the Phytophthora infestans - potato interaction",10.4121/uuid:9032af40-6cd0-409d-be0d-76fe0f4ed576,c0efee01-5d3d-4049-a26c-7ffcf7a6896f,28595,,,['https://doi.org/10.18174/456582']
a2104ec9-2970-46d0-bc0a-15d9e8c1c9c0,Data from: Decades of high nitrogen deposition mainly enhanced eutrophication rather than acidification of Dutch forest soils,10.4121/a2104ec9-2970-46d0-bc0a-15d9e8c1c9c0,,28595,Decades of high nitrogen deposition mainly enhanced eutrophication rather than acidification of Dutch forest soils,,[]
37baec2d-ff75-4090-ab7e-3a0e6e61a2ce,Data from: ‘Radiometric properties of screens and energy saving in greenhouses’,10.4121/37baec2d-ff75-4090-ab7e-3a0e6e61a2ce,,28595,Radiometric properties of screens and energy saving in greenhouses,10.17660/ActaHortic.2025.1426.67,[]
b907c2c2-bc53-491b-9033-310af2dc54d7,"Data from: “Growing agroecology in Nicaragua: Towards a multi-scale perspective on agroecological transition""",10.4121/21378258,79425c5d-b89d-4ba9-8898-ef6bd434f7fe,28595,Growing Agroecology in Nicaragua: Towards a Multi-Scale Perspective on Agroecological Transitions,10.18174/585945,"['https://doi.org/10.1080/21683565.2019.1602097', 'https://doi.org/10.1080/21683565.2019.1667939']"
4bed0b1d-abc6-4d12-a0d2-3e8678337373,"Data on: Effects of soil and water conservation measures on event-based hydrological responses and sediment yield at semi-arid catchments of Tigray, Northern Ethiopia",10.4121/4bed0b1d-abc6-4d12-a0d2-3e8678337373,,28595,"Effects of soil and water conservation measures on event-based hydrological responses and sediment yield at semi-arid catchments of Tigray, Northern Ethiopia",,[]
6889bdd2-7398-45e9-9699-92f89efb6951,Data underlying the article: Chilling Tolerance of Basil Is Not Affected by UVB/C: A ¹H NMR Study,10.4121/6889bdd2-7398-45e9-9699-92f89efb6951,,28595,Chilling Tolerance of Basil Is Not Affected by UVB/C: A ¹H NMR Study,,[]
126614ad-7adf-45cc-9ccc-d9ad283eed5d,Data underlying the experiments of CO2 capture via electrochemically mediated alkaline absorption: Lab-scale continuous operation,10.4121/126614ad-7adf-45cc-9ccc-d9ad283eed5d,,28595,CO2 capture via electrochemically mediated alkaline absorption: Lab-scale continuous operation,,[]
61d3c5c7-4dba-485f-8c95-0f8bf72d5046,Data underlying the master thesis: Factors influencing invertebrate diversity on green rooftops in the Netherlands,10.4121/61d3c5c7-4dba-485f-8c95-0f8bf72d5046,,28595,,,['https://www.kwrwater.nl/wp-content/uploads/2017/02/bijvangst-Report_Green_Roofs_Eva_Drukker_Final_Version1.pdf']
c2bebd5e-73fd-4aee-a0e6-5b1eaefd2e29,"Data underlying the paper ""Demographic structure of African elephant population is a reflection of past drought duration and intensity""",10.4121/c2bebd5e-73fd-4aee-a0e6-5b1eaefd2e29,,28595,Demographic structure of African elephant population is a reflection of past drought duration and intensity,,[]
82985fe1-ff55-42ad-ae60-262e486288a9,"Data underlying the paper: Multi-species productive grasslands offer advantages over permanent grasslands for arthropod conservation, but preserving semi-natural grasslands remains essential",10.4121/82985fe1-ff55-42ad-ae60-262e486288a9,,28595,"Multi-species productive grasslands offer advantages over permanent grasslands for arthropod conservation, but preserving semi-natural grasslands remains essential",,[]
d602cb3c-d650-4075-80c7-175b98d3a603,"Data underlying the publication ""Banana fibre yield and recovery in diversified farming systems of Uganda: Protocol, allometry and determinants.""",10.4121/d602cb3c-d650-4075-80c7-175b98d3a603,,28595,"Banana fibre yield and recovery in diversified farming systems of Uganda: Protocol, allometry and determinants.",,[]
0e245592-63a8-47e7-b7b8-0136082caa7e,"Data underlying the publication ""Nile crocodiles in Lake Nasser, Egypt, are found close to fishermen’s camps indicating potential conflicts""",10.4121/0e245592-63a8-47e7-b7b8-0136082caa7e,,28595,We will add the title of the associated publication of the dataset as soon as it is accepted and published online.,,[]
88840e38-e00d-480d-9222-9be43a31ca73,Data underlying the publication: 'Tree Biomass Equations from Terrestrial LiDAR: A Case Study in Guyana',10.4121/13677322,6723c282-6ed9-451d-b16c-b0c76636a414,28595,Tree Biomass Equations from Terrestrial LiDAR: A Case Study in Guyana,10.3390/f10060527,[]
4112fbf6-44cd-4f07-a0e1-0843c8e6ba35,Data underlying the publication: Biorefining of Thermoplastic Starch (TPS) via Depolymerization and Methane Arrested Anaerobic Digestion,10.4121/4112fbf6-44cd-4f07-a0e1-0843c8e6ba35,,28595,Biorefining of Thermoplastic Starch via Depolymerization and Methane Arrested Anaerobic Digestion,,[]
ac110cab-112b-4f38-ac94-252f8838a9d0,Data underlying the publication: Divergence of microbial community composition and functionality upon serial transfers in novel substrates over 200 generations,10.4121/ac110cab-112b-4f38-ac94-252f8838a9d0,,28595,Divergence of microbial community composition and functionality upon serial transfers in novel substrates over 200 generations,,[]
78749828-6401-4065-828b-87c05663c566,Data underlying the publication: Effect of increasing the level of detail in modelling the relation between agricultural yield and the drainage base,10.4121/78749828-6401-4065-828b-87c05663c566,,28595,,,['https://git.wur.nl/brink233/papermodeldetail.git']
e57f8b3e-20e4-45bc-8581-26a52e2170df,"Data underlying the publication: Effective integration of drone technology for mapping and managing palm species in the Peruvian Amazon, Loreto region (2018-2019)",10.4121/e57f8b3e-20e4-45bc-8581-26a52e2170df,,28595,Effective integration of drone technology for mapping and managing palm species in the Peruvian Amazon,,[]
6655948c-c8a2-4b2e-bab2-efe1aa7192dd,"Data underlying the publication: Effective integration of drone technology for mapping and managing palm species in the Peruvian Amazon, Madre de Dios Region (2019-2022)",10.4121/6655948c-c8a2-4b2e-bab2-efe1aa7192dd,,28595,Effective integration of drone technology for mapping and managing palm species in the Peruvian Amazon,,[]
462c272c-68ee-4c97-a3be-beb4029c22ed,Data underlying the publication: Extreme river flood exposes latent erosion risk,10.4121/462c272c-68ee-4c97-a3be-beb4029c22ed,,28595,Extreme River Flood Exposes Latent Erosion Risk,10.1038/s41586-025-09305-3,[]
5c349375-0dd5-4799-b5b8-5775bd6ef80c,"Data underlying the publication: ""Freshwater fish biodiversity restoration in floodplain rivers requires connectivity and habitat heterogeneity at multiple spatial scales""",10.4121/20014862,9cc89932-3995-45ed-9e80-88e85d9d4829,28595,Freshwater fish biodiversity restoration in floodplain rivers requires connectivity and habitat heterogeneity at multiple spatial scales,10.1016/j.scitotenv.2022.156509,[]
fac2f69c-850e-4836-a76e-b38d65ebda17,Data underlying the publication: Gaming the Unknown: Learning to differentiate and respond to uncertainty through a serious game,10.4121/fac2f69c-850e-4836-a76e-b38d65ebda17,,28595,Gaming the Unknown: Learning to differentiate and respond to uncertainty through a serious game,,[]
2b7e832f-12e9-4d0e-92e2-5aef9bcf9142,Data underlying the publication: Improving the 3D Representation of Plant Architecture and Parameterization Efficiency of Functional-Structural Tree Models using Terrestrial LiDAR Data,10.4121/2b7e832f-12e9-4d0e-92e2-5aef9bcf9142,,28595,,,"['https://doi.org/10.3390/f10060527', 'https://edepot.wur.nl/309918', 'https://doi.org/10.3390/rs5020491']"
a24d339a-29ba-4c89-a51b-aefa6c804e2e,Data underlying the publication: Integration of six field studies to assess soil suppressiveness against Globisporangium ultimum under different management practices,10.4121/a24d339a-29ba-4c89-a51b-aefa6c804e2e,,28595,Integration of six field studies to assess soil suppressiveness against Globisporangium ultimum under different management practices,,[]
f4b0d921-5c7d-49f8-abd1-5d13169139db,Data underlying the publication: Subaqueous resetting of the luminescence clock: bleaching of sand-sized quartz and feldspar in coastal waters,10.4121/f4b0d921-5c7d-49f8-abd1-5d13169139db,,28595,Subaqueous resetting of the luminescence clock: bleaching of sand-sized quartz and feldspar in coastal waters,,[]
dbeeeccc-0285-496c-9c8a-591bef50de9a,Data underlying the publication: Toward Nitrous Oxide-Free Ammonium Treatment: Integrating Hydrogenotrophic Denitrification in Anoxic Bioanodes,10.4121/dbeeeccc-0285-496c-9c8a-591bef50de9a,,28595,Toward Nitrous Oxide-Free Ammonium Treatment: Integrating Hydrogenotrophic Denitrification in Anoxic Bioanodes,10.1021/acs.estlett.5c01096,[]
e532cc02-feed-4e2a-a27c-c42d851abef9,"Data underlying the publication: “Spatial and seasonal variation in phytoplankton abundance and composition in Lake Victoria’s Mwanza Gulf, compared to northern parts of the lake”",10.4121/21890640,c782d878-27e6-4ed8-8cc0-e56058f33ff3,28595,"Spatial and seasonal variation in the phytoplankton community of Lake Victoria’s Mwanza Gulf, compared to northern parts of the lake",10.1016/j.jglr.2023.02.002,[]
3bcb20ce-193d-4d1f-b726-3112cee1aad1,Data underlying: 'Assessing the spatio-temporal cumulative drought effects on two Mediterranean forest types in Central Chile.',10.4121/3bcb20ce-193d-4d1f-b726-3112cee1aad1,,28595,Assessing the spatio-temporal cumulative drought effects on two Mediterranean forest types in Central Chile,,[]
449bac03-b291-4226-8484-944670081432,Data underlying: Ionic regulation of thylakoid membrane architecture: Mg²⁺-driven destacking and restacking visualised,10.4121/449bac03-b291-4226-8484-944670081432,,28595,Ionic regulation of thylakoid membrane architecture: Mg²⁺-driven destacking and restacking visualized,10.1093/plphys/kiag101,[]
b8f6c0bf-8a0d-4392-9081-8af2a18312f2,"Dataset accompanying ""Anaerobic sulphide removal involves an intricate interplay between biomass, biosulphur, and dissolved compounds""",10.4121/b8f6c0bf-8a0d-4392-9081-8af2a18312f2,,28595,"Anaerobic sulphide removal involves an intricate interplay between biomass, biosulphur, and dissolved compounds",,[]
1151d7f1-4137-4427-875c-27af6dee0158,"Dataset belonging to the paper Seasonal variation in prey preference, diet partitioning and niche breadth in a rich large carnivore guild",10.4121/21915834,3c1d18cd-6a9d-449e-93cb-0ed620089143,28595,"Seasonal variation in prey preference, diet partitioning and niche breadth in a rich large carnivore guild",10.1111/aje.13098,[]
6350e7f5-2950-4dfa-acb9-c4ca249392fd,"Dataset for ""Identifying Local Gradients in Methane Producing Biocathodes""",10.4121/6350e7f5-2950-4dfa-acb9-c4ca249392fd,,28595,Identifying Local Gradients in Methane Producing Biocathodes,10.1016/j.tibtech.2025.07.022,[]
1835e7fd-802c-47d4-81f5-3e76c485a809,Dataset linking the ‘landschappelijke bodemkaart’ (LBK) and ‘bodemfysische eenhedenkaart’ (BOFEK),10.4121/1835e7fd-802c-47d4-81f5-3e76c485a809,,28595,Synergie in Landschappelijke en Bodemfysische eenheden,10.18174/674559,"['https://edepot.wur.nl/541544', 'https://doi.org/10.18174/641887']"
cedb3cac-650d-4405-9510-126240e926a5,Dataset underlying Human-induced lowland floodplain transformation from peat- to clastic-dominated during the Early Modern Period,10.4121/cedb3cac-650d-4405-9510-126240e926a5,,28595,Human-induced lowland floodplain transformation from peat- to clastic-dominated during the Early Modern Period,,[]
96e43d14-80a6-46e2-819c-9c627cedf10e,Dataset underlying publication: De novo DNA-based catch bonds,10.4121/96e43d14-80a6-46e2-819c-9c627cedf10e,,28595,,,['https://dna.physics.ox.ac.uk/index.php/Main_Page']
19415a1b-1f4e-4c5d-acc3-69545804698c,Dataset underlying the publication “Flood characteristics drive river-scale macroplastic deposition”,10.4121/19415a1b-1f4e-4c5d-acc3-69545804698c,,28595,Flood characteristics drive river-scale macroplastic deposition,10.1021/acs.est.5c02969,[]
9b4c88e6-ac97-4d32-ac6d-d8ff21fb19c2,Dataset underlying the publication: Dating Celtic fields with luminescence,10.4121/9b4c88e6-ac97-4d32-ac6d-d8ff21fb19c2,,28595,Dating Celtic fields with luminescence,,[]
08735cb7-8859-4ddb-8a09-90df4d4ba1c1,Dataset underlying the publication: Estimating Plastic Export from Estuaries into the Sea Using a Mass-balance Model,10.4121/08735cb7-8859-4ddb-8a09-90df4d4ba1c1,,28595,Estimating Plastic Export from Estuaries into the Sea Using a Mass-balance Model,,['https://edepot.wur.nl/695475']
6e994451-5c8e-41c6-a9e3-4f7343bec22a,Dataset underlying the publication: Machine learning for predicting spatially variable lateral hydraulic conductivity: a step towards efficient hydrological model calibration and global applicability,10.4121/6e994451-5c8e-41c6-a9e3-4f7343bec22a,,28595,,,['https://doi.org/10.4121/6026ee8f-1e37-4760-abb6-b0a6251b3089.v2']
5cec071e-18e3-4873-a753-af0164fabe93,Experimental Data: Optimization of an electrochemical direct air capture process with decreased CO2 desorption pressure and addition of background electrolyte,10.4121/22140593,,28595,Optimization of an electrochemical direct air capture process with decreased CO2 desorption pressure and addition of background electrolyte,10.1016/j.cej.2023.144251,[]
270aabf9-a59d-43ba-aedb-0a9d88cf90f0,"Gridded Hourly Temperature, Radiation and Makkink Potential Evaporation forcing for hydrological modelling in the Rhine basin",10.4121/uuid:e036030f-c73b-4e7b-9bd4-eebc899b5a13,,28595,,,['https://doi.org/10.4121/uuid:c875b385-ef6d-45a5-a6d3-d5fe5e3f525d']
ea47df39-c6b0-4d43-9db7-f82454f3383f,Gridded dataset of Winter Hardiness maps Europe,10.4121/ea47df39-c6b0-4d43-9db7-f82454f3383f,,28595,,,"['https://www.ecad.eu/download/ensembles/download.php#datafiles (version 26)', 'European LCZ map:https://figshare.com/articles/dataset/European_LCZ_map/13322450']"
45d71d06-7fea-4f35-9ced-6e793017b254,Raw data from Yellow Sticky Traps with insects for training of deep learning Convolutional Neural Network for object detection,10.4121/uuid:8b8ba63a-1010-4de7-a7fb-6f9e3baf128e,f5c3ac96-a8de-42a7-833e-c01d288428c9,28595,,,"['http://edepot.wur.nl/463457', 'http://edepot.wur.nl/463461']"
fb5161d2-3e05-40f7-8d87-d90151c556c1,Replication Data for: Self-constraining of meandering rivers,10.4121/fb5161d2-3e05-40f7-8d87-d90151c556c1,,28595,,,['https://kbase.ncr-web.org/rivercare/']
eacad071-5a1c-4dde-83a7-4fed0bfe4655,Replication Dataset for Quantifying hydraulic roughness from field data: can dune morphology tell the whole story?,10.4121/14578749,,28595,Quantifying hydraulic roughness from field data: can dune morphology tell the whole story?,10.1002/essoar.10506973.1,[]
10c96516-38ef-4a22-832c-7d33ac5d832f,Research data: Does Resource Recovery Pay Off? A Techno-Economic Evaluation of Circular Wastewater Treatment Concepts,10.4121/10c96516-38ef-4a22-832c-7d33ac5d832f,,28595,Does Resource Recovery Pay Off? A Techno-Economic Evaluation of Circular Wastewater Treatment Concepts,,[]
09ae1795-ed8d-47e4-9203-8b43b602b0b0,Results of the study 'Shifts in regional water availability due to global tree restoration',10.4121/16574864,57b47107-0b12-4a68-b329-8de729739dc1,28595,Shifts in regional water availability due to global tree restoration.,10.1038/s41561-022-00935-0,[]
1995db37-52ab-4188-803a-fceeea066b23,"Runoff, erosion and pesticide transport in a small catchment in Limburg - The Netherlands",10.4121/19690684,,28595,"Pesticides are substantially transported in particulate phase, driven by land use, rainfall event and pesticide characteristics – a runoff and erosion study in a small agricultural catchment",10.3389/fenvs.2022.830589,['https://doi.org/10.4121/19690840']
720eea22-0dee-4ea0-b5d2-fbc7b45095c4,Sharing High-Quality LC-MS/MS Spectral Data of over 100 Emerging Chemical Risks in the Food Chain,10.4121/720eea22-0dee-4ea0-b5d2-fbc7b45095c4,,28595,,,['https://massive.ucsd.edu/ProteoSAFe/dataset.jsp?task=c9e0b445d4704261abfadabf7d140e48']
bea4e8e4-e288-4fc1-b288-9a7a54e1e105,Spatio-temporal variability in accretion and erosion of coastal foredunes in the Netherlands: regional climate and local topography,10.4121/uuid:54ed4c8f-e7b6-4139-bc20-dc8168c2f890,33529bf6-fdb8-4ea0-9fd1-88c942656932,28595,,,['https://doi.org/10.1371/journal.pone.0091115']
47c9deda-29de-4790-ad63-de98999d9792,Supplementary materials for the article: Insect Evolutionary Developmental Transcriptomics - Evolutionary Divergence Drives Shifts in Developmental Transcriptomic Conservation,10.4121/47c9deda-29de-4790-ad63-de98999d9792,,28595,Insect Evo-Devo: Exploring Developmental Transcriptomes and Evolutionary Conservation Across Insect Phylogeny,10.18174/681295,['https://github.com/wmakkinje/heatmap-dijkstra']
45bc3a87-5fb0-4f62-ab19-36fae317996e,Tillage-controlled Runoff Pattern model (TCRP) v1.1; a GIS model to adjust runoff patterns for tillage induced roughness in agricultural catchments,10.4121/22153622,,28595,The effect of tillage-induced roughness on runoff and erosion patterns,10.1016/S0169-555X(00)00059-3,[]
e2c59841-4653-45de-a75e-4994b2766a2f,"TomatoWUR: an annotated dataset of 3D tomato plants to quantitatively evaluate segmentation, skeletonisation, and plant trait extraction algorithms for 3D plant phenotyping",10.4121/e2c59841-4653-45de-a75e-4994b2766a2f,,28595,3D plant segmentation: comparing a 2D-to-3D segmentation method with state-of-the-art 3D segmentation algorithms,,['https://github.com/WUR-ABE/TomatoWUR/tree/main']
ec6776d7-1818-43a9-b88c-3d0fe26484c5,"Videos of plastic-hyacinth interactions over the Saigon river, Vietnam",10.4121/ec6776d7-1818-43a9-b88c-3d0fe26484c5,,28595,Plastic-plants aggregations alter river plastic transport dynamics,,[]
