UUID Research output,Type Research output,UUID Dataset,DOI Research output,Title Research output,Title Dataset,DOI Dataset,group_id,4TU resource_title,4TU resource_doi,4TU references
466e40f6-1313-496c-98f4-c138c1c83a09,Article,b544fefc-8500-4076-b121-6804dc2f6d3b,10.3389/fmars.2023.1129811,Biocompacting livestock accelerate drowning of tidal salt marshes with sea level rise,Dataset: Biocompacting livestock accelerate drowning of tidal salt marshes with sea level rise,10.4121/22128674,28595,,,[]
9b2ac7a1-3fbf-45ce-a890-404968d60123,Article,197206d5-f595-4c07-a92e-7d00d91346d6,10.1093/plphys/kiad267,Highly differentiated genomic properties underpin the different cell walls of Poaceae and eudicots,"Supplementary Dataset 1 from the paper ""Highly differentiated genomic properties underpin the different cell walls of Poaceae and eudicots""",10.4121/21564756,28595,,,[]
9b2ac7a1-3fbf-45ce-a890-404968d60123,Article,354776a6-188c-4f4b-aeaa-92cf856b8e92,10.1093/plphys/kiad267,Highly differentiated genomic properties underpin the different cell walls of Poaceae and eudicots,"Supplementary Dataset 2 from the paper ""Highly differentiated genomic properties underpin the different cell walls of Poaceae and eudicots""",10.4121/22068791,28595,,,[]
1d936ed6-1022-469c-b56c-0d0f9d4a633c,Article,6ee9946f-9ff5-4019-9d91-03e1c5283210,10.1016/j.scitotenv.2024.173294,Defining plastic pollution hotspots,Amsterdam floating litter dataset August 2022,10.4121/6ee9946f-9ff5-4019-9d91-03e1c5283210,28595,,,[]
542800f3-e327-4a78-aa46-4f8e38a7f497,Article,5e6b4b53-6188-4254-a729-47991bbb8832,10.3389/fevo.2023.1232639,Chemical and population genetic analysis show no evidence of ecotype formation in a European population of the parasitoid wasp Nasonia vitripennis,Chemical and population data for Nasonia vitripennnis females collected from the Hoge Veluwe,10.4121/5e6b4b53-6188-4254-a729-47991bbb8832,28595,,,[]
91251d07-17ec-486c-98c9-391f3e932951,Article,8167a3c3-0cbb-413a-bc9d-ad0003a43e93,10.1016/j.wasman.2021.04.001,Black soldier fly reared on pig manure,"Data and R code for the paper Black soldier fly reared on pig manure: bioconversion efficiencies, nutrients in the residual material, greenhouse gas and ammonia emissions",10.4121/14318780,28595,,,[]
4251b22a-eb2a-48a0-a964-393a3fe5ecbf,Article,17c0e4c3-5a73-4286-a044-f544261275cf,10.1016/j.jclepro.2020.122488,"Bioconversion efficiencies, greenhouse gas and ammonia emissions during black soldier fly rearing – A mass balance approach","Data and R code: Bioconversion efficiencies, greenhouse gas and ammonia emissions during black soldier fly rearing – a mass balance approach",10.4121/uuid:3a6fa855-4637-4207-be93-eff1436a430f,28595,,,[]
317a40b3-22da-4afc-bcc0-1b4af0f36c1d,Preprint,5232674a-4255-465f-bd36-306e9a0a9a97,10.5281/zenodo.17035083,Headland bypassing: Sediment budget dominated by moderate rather than extreme events,"Data and model files presented in ""Headland bypassing: Moderate storms dominate extreme events""",10.4121/5232674a-4255-465f-bd36-306e9a0a9a97,28595,,,[]
1cecf052-d4d1-496e-9a60-46df1f02e1b3,Preprint,50ad4bd7-7e12-4ed7-aca9-c51f47141410,10.2139/ssrn.5676007,"Urban scaling of well-being for cities in the Netherlands, the urban centre versus the functional urban area","Data and scripts underlying the publication: Urban scaling of well-being for cities in the Netherlands, the urban centre versus the functional urban area.",10.4121/50ad4bd7-7e12-4ed7-aca9-c51f47141410,28595,,,[]
d1e63297-5788-454e-9779-fa1e90bff808,Article,f33635f9-c7ae-4527-84a9-ebf04d59e405,10.1088/1748-9326/ad383d,Global analysis of groundwater pumping from increased river capture,Data belonging to the publication: Global Analysis of Groundwater Pumping from Increased River Capture,10.4121/f33635f9-c7ae-4527-84a9-ebf04d59e405,28595,,,[]
d80bf50f-02de-47d7-84f5-2fd4d7bf2b42,EngD Thesis,4ddf9a65-e67e-4276-83cd-d925b93befc0,10.18174/680245,Travel in time with BABETTE,Data for creating 3D and 4D images of tomato plants using the BABETTE Pro Platforms,10.4121/4ddf9a65-e67e-4276-83cd-d925b93befc0,28595,,,[]
b31bca37-33fb-4d8a-bc8a-12f3cad68b34,Article,74a2358e-e41c-46f4-b070-8d083bf665ba,10.1126/sciadv.abo0875,An actin mechanostat ensures hyphal tip sharpness in Phytophthora infestans to achieve host penetration,Data from the paper An actin mechanostat ensures hyphal tip sharpness in Phytophthora infestans to facilitate host entry.,10.4121/19367987,28595,,,[]
d22f0731-3e7f-4195-b837-867f956cb5f5,Preprint,7dc5bc6c-7aab-46f5-9634-2aa56c96f18b,10.5194/egusphere-2022-458,"Linking reported drought impacts with drought indices, water scarcity, and aridity: the case of Kenya","Data from the publication: Linking reported drought impacts with drought indices, water scarcity and aridity: the case of Kenya",10.4121/19620357,28595,,,[]
37da5ae2-5fd4-493c-9232-597e3174c289,Article,8e5024c1-ba38-463c-bb6e-ee6048304b64,10.1016/j.scitotenv.2020.142931,30 years of large river restoration: How long do restored floodplain channels remain suitable for targeted rheophilic fishes in the lower river Rhine?,Data from: 30 years of large river restoration: how long do restored floodplain channels remain suitable for targeted rheophilic fishes in the lower river Rhine?,10.4121/12999575,28595,,,[]
14c95836-eb51-41f4-861c-5c1a119363e5,Article,62dfcc30-3c58-46cb-ae00-f7c654068efd,10.1016/j.cam.2023.115095,Deflation techniques applied on mixed model equations,Data from: Deflation techniques applied on mixed model equations,10.4121/19153742,28595,,,[]
81977e44-e7f8-4042-83a1-bdaea3972f71,Article,2a63e10a-bddf-45ab-a7ca-663bea05dafe,10.1111/gcb.16488,Neglecting acclimation of photosynthesis under drought can cause significant errors in predicting leaf photosynthesis in wheat,Data underlying publication: Neglecting acclimation of photosynthesis under drought can cause significant errors in predicting leaf photosynthesis in wheat,10.4121/21304917,28595,,,[]
363be6c6-49a5-481e-8e7f-7b532f7debf5,Article,03e9e2af-904e-4949-ac10-c5721fd6e0f1,10.1093/femsec/fiaf004,Spinach Seed Microbiome Characteristics Linked to Suppressiveness Against Globisporangium ultimum Damping-Off,Data underlying publication: Spinach Seed Microbiome Characteristics Linked to Suppressiveness Against Globisporangium ultimum Damping-Off,10.4121/03e9e2af-904e-4949-ac10-c5721fd6e0f1,28595,,,[]
68b064ea-6a3c-4f83-b2cd-e468e8eea312,"internal PhD, WU",4c08e194-9715-4f5c-8515-55df53d2a3eb,10.18174/591161,Precision nutrition for cardiometabolic health: insights from human dietary intervention studies,"Data underlying the PhD thesis ""Precision nutrition for cardiometabolic health: insights from human dietary intervention studies""",10.4121/4c08e194-9715-4f5c-8515-55df53d2a3eb,28595,,,[]
e187c26d-737b-4f5e-9783-94aa1ef645d4,Report,46fa15ad-85f7-4229-9b8a-e56086b94f41,10.18174/587331,Consumer preference attributes for alternative food products,"Data underlying the publication ""Attributes for consumer acceptance of alternative food products""",10.4121/19298990,28595,,,[]
0f636c92-44cf-44da-886c-9c6942e50c06,Article,aba36166-a8b6-48b5-aafc-31543d6ccc5c,10.1111/faf.12606,Environmental requirements and heterogeneity of rheophilic fish nursery habitats in European lowland rivers,"Data underlying the publication: ""Environmental requirements and heterogeneity of rheophilic fish nursery habitats in European lowland rivers: current insights and future challenges""",10.4121/15066699,28595,,,[]
c6187636-6a22-47c9-b6df-f451e5432494,Preprint,414d3153-49aa-4d5b-8635-a8b35ef8b440,10.21203/rs.3.rs-3975821/v1,Bimodality in subaqueous dune height suggests critical transition at high flow,Data underlying the publication: Bimodality in subaqueous dune height suggests flickering behavior at high flow,10.4121/414d3153-49aa-4d5b-8635-a8b35ef8b440,28595,,,[]
2d57e287-b1b9-4a13-8da7-91ccf578480e,Article,b7df72b2-5841-4022-a56a-6d8073d05190,10.1016/j.marpolbul.2023.115813,"Catchment scale assessment of macroplastic pollution in the Odaw river, Ghana","Data underlying the publication: Catchment scale assessment of macroplastic pollution in the Odaw river, Ghana",10.4121/22274980,28595,,,[]
14101197-1753-40ee-92d3-361eae69df47,Article,ee5c62e1-438a-4a29-be00-1d736579b0e1,10.5194/nhess-25-1993-2025,From insufficient rainfall to livelihoods,Data underlying the publication: From insufficient rainfall to livelihoods: understanding the cascade of drought impacts and policy implications,10.4121/ee5c62e1-438a-4a29-be00-1d736579b0e1,28595,,,[]
4ea4144d-6607-4e53-bb9a-96d61b4e2577,Article,c7935d6a-d6ae-42e7-af7e-0ae8cddf70d7,10.1186/s12870-024-05712-2,Lactuca super-pangenome reduces bias towards reference genes in lettuce research,Data underlying the publication: Lactuca super-pangenome reduces bias towards reference genes in lettuce research,10.4121/c7935d6a-d6ae-42e7-af7e-0ae8cddf70d7,28595,,,[]
5773a4b6-249d-4407-badc-77860594f86c,Article,3011851a-6248-44ce-8a41-8d407bc9d3d0,10.3390/microorganisms11082103,Microbial Recycling of Polylactic Acid Food Packaging Waste into Carboxylates via Hydrolysis and Mixed-Culture Fermentation,Data underlying the publication: Microbial Recycling of PLA Food Packaging Waste into Carboxylates via Hydrolysis and Mixed-Culture Fermentation,10.4121/3011851a-6248-44ce-8a41-8d407bc9d3d0,28595,,,[]
c9f546f3-2558-455c-9b31-b7c320552b7d,Article,8dbd9669-632e-49b7-826f-2473c1bb7270,10.1016/j.watres.2024.121993,Oxygen-to-Ammonium-Nitrogen Ratio as an Indicator for Oxygen Supply Management in Microoxic Bioanodic Ammonium Oxidation,Data underlying the publication: Oxygen-to-Ammonium-Nitrogen Ratio as an Indicator for Oxygen Supply Management in Microoxic Bioanodic Ammonium Oxidation,10.4121/8dbd9669-632e-49b7-826f-2473c1bb7270,28595,,,[]
c69feda0-dd7b-4c36-a3c6-b6cc185fa5f2,Article,c573187d-3526-4c5b-81a1-d6c3d6b528c0,10.1038/s41564-021-00919-7,A slicing mechanism facilitates host entry by plant-pathogenic Phytophthora,Data underlying the publication: Phytophthora pathogens exploit slicing action for host invasion,10.4121/14115461,28595,,,[]
dfa54430-6bdd-48a6-8e3b-1cc650c5291a,Article,de52df77-d6f4-4225-9cb3-d8aeda8dfb07,10.1128/spectrum.02568-22,Quantitative Physiology and Proteome Adaptations of Bifidobacterium breve NRBB57 at Near-Zero Growth Rates,Data underlying the publication: Quantitative physiology and proteomic adaptations of Bifidobacterium breve NRBB57 at near-zero growth rates,10.4121/21960575,28595,,,[]
6ccd1de4-a396-4108-8197-c2b9f2779d32,Article,0244d1f9-7aac-4187-b978-2d81f19a9c05,10.1111/icad.70007,The development of insect diversity and ecosystem complexity on green roofs,Data underlying the publication: Review on effect of Green Roof Factors on Arthropods,10.4121/0244d1f9-7aac-4187-b978-2d81f19a9c05,28595,,,[]
5b593843-d966-48b2-acad-6adf8f5937d6,Preprint,0be15175-28c1-44c5-a153-9d086308da6a,10.21203/rs.3.rs-3452848/v1,Wind- and rain-driven macroplastic mobilization and transport on land,Data underlying the publication: Wind- and rain-driven macroplastic mobilization and transport on land,10.4121/0be15175-28c1-44c5-a153-9d086308da6a,28595,,,[]
8aff2095-92b8-4391-ac5b-0e85fe10a458,Article,5cc26e1a-852c-4282-967d-074cc5c97d51,10.3389/fbioe.2021.666582,nZVI Impacts Substrate Conversion and Microbiome Composition in Chain Elongation From D- and L-Lactate Substrates,Data underlying the publication: nZVI impacts substrate conversion and microbiome composition in lactate-based chain elongation from D- and L-lactate substrates,10.4121/14236922,28595,,,[]
371520bb-4fef-4dc8-b51e-bb1d772a603f,Article,fb1e03d3-5bb2-47d9-a5f4-d4f46b9356e2,10.1016/j.marpolbul.2024.116303,Addition of iron does not ameliorate sulfide toxicity by sargassum influx to mangroves but dampens methane and nitrous oxide emissions,Data underlying the study: Addition of iron does not ameliorate sulfide toxicity by sargassum influx to mangroves but dampens methane and nitrous oxide emissions,10.4121/fb1e03d3-5bb2-47d9-a5f4-d4f46b9356e2,28595,,,[]
0f4b8f2a-7d42-4c0a-903f-4aab728d28a2,"internal PhD, WU",ac081516-5311-481e-b7a2-07c5ea9b1991,10.18174/675700,CRKing the code,Data underlying: Chapter 4. Redox-dependent extracellular interaction networks of Cysteine-rich and Leucine-Rich Repeat Receptor Kinases,10.4121/ac081516-5311-481e-b7a2-07c5ea9b1991,28595,,,[]
0f4b8f2a-7d42-4c0a-903f-4aab728d28a2,"internal PhD, WU",ae5070f2-b6cd-4001-a56b-f1a846898cea,10.18174/675700,CRKing the code,Data underlying: Chapter 5. Redox-dependent extracellular interaction networks of Cysteine-rich Receptor Kinases,10.4121/ae5070f2-b6cd-4001-a56b-f1a846898cea,28595,,,[]
0f4b8f2a-7d42-4c0a-903f-4aab728d28a2,"internal PhD, WU",d88716af-8b6d-421e-a225-93cb9b1a7c16,10.18174/675700,CRKing the code,Data underlying: Chapter 6. CRK28 regulates leaf senescence and defence processes in Arabidopsis,10.4121/d88716af-8b6d-421e-a225-93cb9b1a7c16,28595,,,[]
e70a62a5-d455-4b69-8a39-816dea29ebeb,Preprint,6edb96df-569e-41e8-9e6c-ba0a324c4729,10.5194/egusphere-2023-2726,Mind the Gap: Misalignment Between Drought Monitoring and Community Realities,Data underlyling the publication: Mind the Gap: Misalignment Between Drought Monitoring and Community Realities,10.4121/6edb96df-569e-41e8-9e6c-ba0a324c4729,28595,,,[]
a8c6abb7-309b-4c55-aef7-994372527e86,Article,302cd0fd-59da-46e8-ac82-f98fad865751,10.1038/s43247-024-01295-w,Hydrological drought forecasts using precipitation data depend on catchment properties and human activities,Data used in the paper: Hydrological drought forecasts using precipitation data depend on catchment properties and human activities,10.4121/302cd0fd-59da-46e8-ac82-f98fad865751,28595,,,[]
425506cf-b32e-4f46-addc-429ebc6e9743,Article,df21a682-0c87-4a5e-a050-8101ae58f5b0,10.1016/j.jwpe.2024.105236,Evaluation of chemical free cleaning techniques for reverse electrodialysis stacks fed with natural waters,Dataset for Evaluation of chemical free cleaning techniques for RED fed with natural waters and stacks with profiled membranes,10.4121/df21a682-0c87-4a5e-a050-8101ae58f5b0,28595,,,[]
4b1ad5b3-e29d-4e52-80b7-f35b61d88df4,Article,9da99710-10b9-4221-a6d1-553f754a522f,10.1016/j.marenvres.2023.106291,High temperature and eutrophication alter biomass allocation of black mangrove (Avicennia germinans L.) seedlings,Dataset underlying the study: High temperature and eutrophication alter biomass allocation of black mangrove seedlings,10.4121/9da99710-10b9-4221-a6d1-553f754a522f,28595,,,[]
9c524cf5-f7eb-4173-8236-f9186c8b5b7f,Article,55a5e4dd-2264-4e0d-a358-0cd0b1ee296c,10.1016/j.resconrec.2022.106225,Application of ammonium fertilizers recovered by an Electrochemical System,Experimental data: Application of ammonium fertilizers recovered by an Electrochemical system,10.4121/19064378,28595,,,[]
c99cef5b-337e-405c-bdac-87300260b669,Article,1754d739-a3d8-463a-a020-f7e5e49f92d7,10.1016/j.biteb.2022.101028,Real-time monitoring of biofilm thickness allows for determination of acetate limitations in bio-anodes,Experimental data: Real-time monitoring of biofilm thickness allows for determination of acetate limitations in bio-anodes,10.4121/20200517,28595,,,[]
5db6250a-449e-4ad7-919b-33a64e1b7e87,Article,4a3e7c30-934a-4b4e-814e-38cccb9ac980,10.1016/j.bioflm.2021.100064,The effect of intermittent anode potential regimes on the morphology and extracellular matrix composition of electro-active bacteria,Experimental data: The effect of intermittent anode potential regimes on the morphology and extracellular matrix composition of electro-active bacteria,10.4121/20200007,28595,,,[]
a73ec0ea-cf88-44b9-8690-2d4ef57af31b,Article,f64ad17f-fed4-4b61-90a8-e3fa60e9a862,10.1111/gcbb.13006,Investigating the potential of Andean lupin as a lignocellulosic feedstock for Europe,Genotyping data underlying the publication: Investigating the potential of Andean lupin as a lignocellulosic feedstock for Europe: first genome-wide association study on L. mutabilis biomass quality.,10.4121/21334146,28595,,,[]
efceb0bc-40c2-45ec-96c5-6559842d267c,Article,3f5d76d4-c361-4158-84f9-fef02b2db898,10.1186/s43591-024-00100-x,Riverbank plastic distributions and how to sample them,"MATLAB scripts, files, and datasets supplementary to the paper ""Riverbank plastic distributions and how to sample them""",10.4121/3f5d76d4-c361-4158-84f9-fef02b2db898,28595,,,[]
ad05d567-da0b-469b-a76f-c0bfd4e3b489,Article,0c23c329-fe47-48db-a75a-5ee6af07d1f3,10.1371/journal.pone.0074007,Measuring fast-temporal sediment fluxes with an analogue acoustic sensor: a wind tunnel study,Measuring fast-temporal sediment fluxes with an analogue acoustic sensor: a wind tunnel study,10.4121/uuid:7f4c6e00-4e51-4dc3-a304-57fc2f7f3b19,28595,,,[]
fb748856-0348-4ede-957c-979e9176267a,Article,4f4eb3a7-4e7f-47e1-b047-b5dd4738dded,10.1038/s43016-021-00425-3,Circularity in animal production requires a change in the EAT-Lancet diet in Europe,Model and input data related to: Circularity in animal production requires a change in the EAT-Lancet diet in Europe,10.4121/16918732,28595,,,[]
dc7d7188-47e5-4be5-aa46-f8f8a5ea15a8,Article,2493b80b-f2fa-403f-8e84-475305a80528,10.7717/peerj.8823,Capturing variation in floral shape; a virtual3D based morphospace for Pelargonium,Pelargonium geometric morphometric data,10.4121/uuid:7457eadf-5ad6-4221-b4ea-85c73b91098b,28595,,,[]
d93e7e9e-4ba3-467b-9fb7-80f09df34d0d,Article,17fe54a9-5bca-4071-b282-fc5ffad0d53a,10.1371/journal.pone.0291896,The optimisation of Salmonella surveillance programmes for pullet and layer farms using local farm density as a risk factor,Salmonella surveillance data for Israeli poultry farms during 2017-2019,10.4121/17fe54a9-5bca-4071-b282-fc5ffad0d53a,28595,,,[]
8d7bd4b6-56c4-4b9b-8bcb-cf0396d7e8f4,Article,13f4d7fa-63d2-4892-ab7e-36ff08cb410e,10.1093/g3journal/jkae175,Cross-species transcriptomics reveals differential regulation of essential photosynthesis genes in Hirschfeldia incana,Software supporting: Analysis of natural variation in photosynthesis in a panel of Brassicaceae species,10.4121/13f4d7fa-63d2-4892-ab7e-36ff08cb410e,28595,,,[]
8d7bd4b6-56c4-4b9b-8bcb-cf0396d7e8f4,Article,d3455b3c-54d8-4ef8-8501-a70936a51dad,10.1093/g3journal/jkae175,Cross-species transcriptomics reveals differential regulation of essential photosynthesis genes in Hirschfeldia incana,Supplementary Information: RNA-Seq analysis of Brassicaceae species under different irradiances,10.4121/d3455b3c-54d8-4ef8-8501-a70936a51dad,28595,,,[]
9f1cfb3f-7ccd-494a-8e45-859037d0d8dc,Preprint,3e76dc2e-c9b6-4cbf-8456-c2ef8bfd60cd,10.1101/2023.05.03.539295,Genome assembly and analysis of Lactuca virosa; implications for lettuce breeding,Supplementary data for the publication: Genome assembly and analysis of Lactuca virosa: implications for lettuce breeding,10.4121/21900588,28595,,,[]
581575e5-c9da-42c9-a3f7-c9f2e8ec3fbf,"internal PhD, WU",275985e0-60e6-4175-a2f3-7322b36997bb,10.18174/548038,Exploration of sulfur-cycling microorganisms from anoxic Black Sea waters and sediment,Supplementary material: Sulfidogenic bacteria enriched from deep anoxic Black Sea sediment and the description of Desulfopila canfieldii sp. nov.,10.4121/13317545,28595,,,[]
087725a3-bcd6-48d6-b657-0addf5d9ecc5,"internal PhD, WU",72161d86-4bc1-4312-a149-8db03d5c46b5,10.18174/589142,"Comparative genomics and trait evolution in lettuce, its wild relatives and the Asteraceae","Supplementary materials for PhD thesis: Comparative Genomics and Trait Evolution in Lettuce, its Wild Relatives and the Asteraceae",10.4121/21803436,28595,,,[]
c87eb0f8-bac8-4a36-b164-af110c49403e,Article,de30e0a9-d6fa-4b7d-a3cd-dcfe12df0003,10.1111/ddi.13266,A matter of time,The Ossekampen Grassland Experiment: Data underlying the publication: A matter of time: recovery of plant species diversity in wild plant communities at declining nitrogen deposition,10.4121/13200398,28595,,,[]
